--
-- PostgreSQL database dump
--

-- Dumped from database version 16.1
-- Dumped by pg_dump version 16.1

SET statement_timeout = 0;
SET lock_timeout = 0;
SET idle_in_transaction_session_timeout = 0;
SET client_encoding = 'UTF8';
SET standard_conforming_strings = on;
SELECT pg_catalog.set_config('search_path', '', false);
SET check_function_bodies = false;
SET xmloption = content;
SET client_min_messages = warning;
SET row_security = off;

SET default_tablespace = '';

SET default_table_access_method = heap;

--
-- Name: auth_group; Type: TABLE; Schema: public; Owner: postgres
--

CREATE TABLE public.auth_group (
    id integer NOT NULL,
    name character varying(150) NOT NULL
);


ALTER TABLE public.auth_group OWNER TO postgres;

--
-- Name: auth_group_id_seq; Type: SEQUENCE; Schema: public; Owner: postgres
--

ALTER TABLE public.auth_group ALTER COLUMN id ADD GENERATED BY DEFAULT AS IDENTITY (
    SEQUENCE NAME public.auth_group_id_seq
    START WITH 1
    INCREMENT BY 1
    NO MINVALUE
    NO MAXVALUE
    CACHE 1
);


--
-- Name: auth_group_permissions; Type: TABLE; Schema: public; Owner: postgres
--

CREATE TABLE public.auth_group_permissions (
    id bigint NOT NULL,
    group_id integer NOT NULL,
    permission_id integer NOT NULL
);


ALTER TABLE public.auth_group_permissions OWNER TO postgres;

--
-- Name: auth_group_permissions_id_seq; Type: SEQUENCE; Schema: public; Owner: postgres
--

ALTER TABLE public.auth_group_permissions ALTER COLUMN id ADD GENERATED BY DEFAULT AS IDENTITY (
    SEQUENCE NAME public.auth_group_permissions_id_seq
    START WITH 1
    INCREMENT BY 1
    NO MINVALUE
    NO MAXVALUE
    CACHE 1
);


--
-- Name: auth_permission; Type: TABLE; Schema: public; Owner: postgres
--

CREATE TABLE public.auth_permission (
    id integer NOT NULL,
    name character varying(255) NOT NULL,
    content_type_id integer NOT NULL,
    codename character varying(100) NOT NULL
);


ALTER TABLE public.auth_permission OWNER TO postgres;

--
-- Name: auth_permission_id_seq; Type: SEQUENCE; Schema: public; Owner: postgres
--

ALTER TABLE public.auth_permission ALTER COLUMN id ADD GENERATED BY DEFAULT AS IDENTITY (
    SEQUENCE NAME public.auth_permission_id_seq
    START WITH 1
    INCREMENT BY 1
    NO MINVALUE
    NO MAXVALUE
    CACHE 1
);


--
-- Name: auth_user; Type: TABLE; Schema: public; Owner: postgres
--

CREATE TABLE public.auth_user (
    id integer NOT NULL,
    password character varying(128) NOT NULL,
    last_login timestamp with time zone,
    is_superuser boolean NOT NULL,
    username character varying(150) NOT NULL,
    first_name character varying(150) NOT NULL,
    last_name character varying(150) NOT NULL,
    email character varying(254) NOT NULL,
    is_staff boolean NOT NULL,
    is_active boolean NOT NULL,
    date_joined timestamp with time zone NOT NULL
);


ALTER TABLE public.auth_user OWNER TO postgres;

--
-- Name: auth_user_groups; Type: TABLE; Schema: public; Owner: postgres
--

CREATE TABLE public.auth_user_groups (
    id bigint NOT NULL,
    user_id integer NOT NULL,
    group_id integer NOT NULL
);


ALTER TABLE public.auth_user_groups OWNER TO postgres;

--
-- Name: auth_user_groups_id_seq; Type: SEQUENCE; Schema: public; Owner: postgres
--

ALTER TABLE public.auth_user_groups ALTER COLUMN id ADD GENERATED BY DEFAULT AS IDENTITY (
    SEQUENCE NAME public.auth_user_groups_id_seq
    START WITH 1
    INCREMENT BY 1
    NO MINVALUE
    NO MAXVALUE
    CACHE 1
);


--
-- Name: auth_user_id_seq; Type: SEQUENCE; Schema: public; Owner: postgres
--

ALTER TABLE public.auth_user ALTER COLUMN id ADD GENERATED BY DEFAULT AS IDENTITY (
    SEQUENCE NAME public.auth_user_id_seq
    START WITH 1
    INCREMENT BY 1
    NO MINVALUE
    NO MAXVALUE
    CACHE 1
);


--
-- Name: auth_user_user_permissions; Type: TABLE; Schema: public; Owner: postgres
--

CREATE TABLE public.auth_user_user_permissions (
    id bigint NOT NULL,
    user_id integer NOT NULL,
    permission_id integer NOT NULL
);


ALTER TABLE public.auth_user_user_permissions OWNER TO postgres;

--
-- Name: auth_user_user_permissions_id_seq; Type: SEQUENCE; Schema: public; Owner: postgres
--

ALTER TABLE public.auth_user_user_permissions ALTER COLUMN id ADD GENERATED BY DEFAULT AS IDENTITY (
    SEQUENCE NAME public.auth_user_user_permissions_id_seq
    START WITH 1
    INCREMENT BY 1
    NO MINVALUE
    NO MAXVALUE
    CACHE 1
);


--
-- Name: authtoken_token; Type: TABLE; Schema: public; Owner: postgres
--

CREATE TABLE public.authtoken_token (
    key character varying(40) NOT NULL,
    created timestamp with time zone NOT NULL,
    user_id integer NOT NULL
);


ALTER TABLE public.authtoken_token OWNER TO postgres;

--
-- Name: django_admin_log; Type: TABLE; Schema: public; Owner: postgres
--

CREATE TABLE public.django_admin_log (
    id integer NOT NULL,
    action_time timestamp with time zone NOT NULL,
    object_id text,
    object_repr character varying(200) NOT NULL,
    action_flag smallint NOT NULL,
    change_message text NOT NULL,
    content_type_id integer,
    user_id integer NOT NULL,
    CONSTRAINT django_admin_log_action_flag_check CHECK ((action_flag >= 0))
);


ALTER TABLE public.django_admin_log OWNER TO postgres;

--
-- Name: django_admin_log_id_seq; Type: SEQUENCE; Schema: public; Owner: postgres
--

ALTER TABLE public.django_admin_log ALTER COLUMN id ADD GENERATED BY DEFAULT AS IDENTITY (
    SEQUENCE NAME public.django_admin_log_id_seq
    START WITH 1
    INCREMENT BY 1
    NO MINVALUE
    NO MAXVALUE
    CACHE 1
);


--
-- Name: django_content_type; Type: TABLE; Schema: public; Owner: postgres
--

CREATE TABLE public.django_content_type (
    id integer NOT NULL,
    app_label character varying(100) NOT NULL,
    model character varying(100) NOT NULL
);


ALTER TABLE public.django_content_type OWNER TO postgres;

--
-- Name: django_content_type_id_seq; Type: SEQUENCE; Schema: public; Owner: postgres
--

ALTER TABLE public.django_content_type ALTER COLUMN id ADD GENERATED BY DEFAULT AS IDENTITY (
    SEQUENCE NAME public.django_content_type_id_seq
    START WITH 1
    INCREMENT BY 1
    NO MINVALUE
    NO MAXVALUE
    CACHE 1
);


--
-- Name: django_migrations; Type: TABLE; Schema: public; Owner: postgres
--

CREATE TABLE public.django_migrations (
    id bigint NOT NULL,
    app character varying(255) NOT NULL,
    name character varying(255) NOT NULL,
    applied timestamp with time zone NOT NULL
);


ALTER TABLE public.django_migrations OWNER TO postgres;

--
-- Name: django_migrations_id_seq; Type: SEQUENCE; Schema: public; Owner: postgres
--

ALTER TABLE public.django_migrations ALTER COLUMN id ADD GENERATED BY DEFAULT AS IDENTITY (
    SEQUENCE NAME public.django_migrations_id_seq
    START WITH 1
    INCREMENT BY 1
    NO MINVALUE
    NO MAXVALUE
    CACHE 1
);


--
-- Name: django_session; Type: TABLE; Schema: public; Owner: postgres
--

CREATE TABLE public.django_session (
    session_key character varying(40) NOT NULL,
    session_data text NOT NULL,
    expire_date timestamp with time zone NOT NULL
);


ALTER TABLE public.django_session OWNER TO postgres;

--
-- Name: main_app_calls; Type: TABLE; Schema: public; Owner: postgres
--

CREATE TABLE public.main_app_calls (
    id integer NOT NULL,
    address character varying(100) NOT NULL,
    diagnose character varying(40) NOT NULL,
    time_created timestamp with time zone NOT NULL,
    time_accepted timestamp with time zone,
    is_accepted boolean NOT NULL,
    is_arrived boolean NOT NULL,
    car_id_id bigint,
    client_phone character varying(11) NOT NULL,
    time_arrived timestamp with time zone,
    category integer DEFAULT '-1'::integer NOT NULL,
    lat double precision NOT NULL,
    long double precision NOT NULL,
    client_name character varying(30) NOT NULL
);


ALTER TABLE public.main_app_calls OWNER TO postgres;

--
-- Name: main_app_cars; Type: TABLE; Schema: public; Owner: postgres
--

CREATE TABLE public.main_app_cars (
    id bigint NOT NULL,
    "carNumber" character varying(6) NOT NULL,
    car_driver_id bigint NOT NULL,
    is_working boolean NOT NULL
);


ALTER TABLE public.main_app_cars OWNER TO postgres;

--
-- Name: main_app_cars_id_seq; Type: SEQUENCE; Schema: public; Owner: postgres
--

ALTER TABLE public.main_app_cars ALTER COLUMN id ADD GENERATED BY DEFAULT AS IDENTITY (
    SEQUENCE NAME public.main_app_cars_id_seq
    START WITH 1
    INCREMENT BY 1
    NO MINVALUE
    NO MAXVALUE
    CACHE 1
);


--
-- Name: main_app_carsposition; Type: TABLE; Schema: public; Owner: postgres
--

CREATE TABLE public.main_app_carsposition (
    id integer NOT NULL,
    lat double precision NOT NULL,
    long double precision NOT NULL,
    car_id bigint NOT NULL,
    is_free boolean NOT NULL,
    call_address character varying NOT NULL
);


ALTER TABLE public.main_app_carsposition OWNER TO postgres;

--
-- Name: main_app_drivers; Type: TABLE; Schema: public; Owner: postgres
--

CREATE TABLE public.main_app_drivers (
    id bigint NOT NULL,
    "driverName" character varying(30) NOT NULL,
    "driverSurname" character varying(30) NOT NULL
);


ALTER TABLE public.main_app_drivers OWNER TO postgres;

--
-- Name: main_app_drivers_id_seq; Type: SEQUENCE; Schema: public; Owner: postgres
--

ALTER TABLE public.main_app_drivers ALTER COLUMN id ADD GENERATED BY DEFAULT AS IDENTITY (
    SEQUENCE NAME public.main_app_drivers_id_seq
    START WITH 1
    INCREMENT BY 1
    NO MINVALUE
    NO MAXVALUE
    CACHE 1
);


--
-- Data for Name: auth_group; Type: TABLE DATA; Schema: public; Owner: postgres
--

COPY public.auth_group (id, name) FROM stdin;
\.


--
-- Data for Name: auth_group_permissions; Type: TABLE DATA; Schema: public; Owner: postgres
--

COPY public.auth_group_permissions (id, group_id, permission_id) FROM stdin;
\.


--
-- Data for Name: auth_permission; Type: TABLE DATA; Schema: public; Owner: postgres
--

COPY public.auth_permission (id, name, content_type_id, codename) FROM stdin;
1	Can add log entry	1	add_logentry
2	Can change log entry	1	change_logentry
3	Can delete log entry	1	delete_logentry
4	Can view log entry	1	view_logentry
5	Can add permission	2	add_permission
6	Can change permission	2	change_permission
7	Can delete permission	2	delete_permission
8	Can view permission	2	view_permission
9	Can add group	3	add_group
10	Can change group	3	change_group
11	Can delete group	3	delete_group
12	Can view group	3	view_group
13	Can add user	4	add_user
14	Can change user	4	change_user
15	Can delete user	4	delete_user
16	Can view user	4	view_user
17	Can add content type	5	add_contenttype
18	Can change content type	5	change_contenttype
19	Can delete content type	5	delete_contenttype
20	Can view content type	5	view_contenttype
21	Can add session	6	add_session
22	Can change session	6	change_session
23	Can delete session	6	delete_session
24	Can view session	6	view_session
25	Can add cars	7	add_cars
26	Can change cars	7	change_cars
27	Can delete cars	7	delete_cars
28	Can view cars	7	view_cars
29	Can add clients	8	add_clients
30	Can change clients	8	change_clients
31	Can delete clients	8	delete_clients
32	Can view clients	8	view_clients
33	Can add drivers	9	add_drivers
34	Can change drivers	9	change_drivers
35	Can delete drivers	9	delete_drivers
36	Can view drivers	9	view_drivers
37	Can add medics	10	add_medics
38	Can change medics	10	change_medics
39	Can delete medics	10	delete_medics
40	Can view medics	10	view_medics
41	Can add calls	11	add_calls
42	Can change calls	11	change_calls
43	Can delete calls	11	delete_calls
44	Can view calls	11	view_calls
45	Can add clients geo	12	add_clientsgeo
46	Can change clients geo	12	change_clientsgeo
47	Can delete clients geo	12	delete_clientsgeo
48	Can view clients geo	12	view_clientsgeo
49	Can add cars position	13	add_carsposition
50	Can change cars position	13	change_carsposition
51	Can delete cars position	13	delete_carsposition
52	Can view cars position	13	view_carsposition
53	Can add Token	14	add_token
54	Can change Token	14	change_token
55	Can delete Token	14	delete_token
56	Can view Token	14	view_token
57	Can add token	15	add_tokenproxy
58	Can change token	15	change_tokenproxy
59	Can delete token	15	delete_tokenproxy
60	Can view token	15	view_tokenproxy
\.


--
-- Data for Name: auth_user; Type: TABLE DATA; Schema: public; Owner: postgres
--

COPY public.auth_user (id, password, last_login, is_superuser, username, first_name, last_name, email, is_staff, is_active, date_joined) FROM stdin;
1	argon2$argon2id$v=19$m=102400,t=2,p=8$NEU4V2JoREZHVzBwNzhVd3lPcFM5Yg$Glqkk0DB0GM3/So9VSR89j2R094hMY+RdXNAiZnFJ8E	2024-02-05 23:52:56.044879+06	t	admin			admin@admin.com	t	t	2024-02-03 13:26:50.326744+06
\.


--
-- Data for Name: auth_user_groups; Type: TABLE DATA; Schema: public; Owner: postgres
--

COPY public.auth_user_groups (id, user_id, group_id) FROM stdin;
\.


--
-- Data for Name: auth_user_user_permissions; Type: TABLE DATA; Schema: public; Owner: postgres
--

COPY public.auth_user_user_permissions (id, user_id, permission_id) FROM stdin;
\.


--
-- Data for Name: authtoken_token; Type: TABLE DATA; Schema: public; Owner: postgres
--

COPY public.authtoken_token (key, created, user_id) FROM stdin;
\.


--
-- Data for Name: django_admin_log; Type: TABLE DATA; Schema: public; Owner: postgres
--

COPY public.django_admin_log (id, action_time, object_id, object_repr, action_flag, change_message, content_type_id, user_id) FROM stdin;
1	2024-02-06 00:55:56.887623+06	1	Drivers object (1)	1	[{"added": {}}]	9	1
2	2024-02-06 00:56:14.807937+06	1	Cars object (1)	1	[{"added": {}}]	7	1
3	2024-02-06 00:56:24.044049+06	26	Clients object (26)	3		8	1
4	2024-02-06 00:56:24.047572+06	25	Clients object (25)	3		8	1
5	2024-02-06 00:58:31.158394+06	1	Medics object (1)	1	[{"added": {}}]	10	1
\.


--
-- Data for Name: django_content_type; Type: TABLE DATA; Schema: public; Owner: postgres
--

COPY public.django_content_type (id, app_label, model) FROM stdin;
1	admin	logentry
2	auth	permission
3	auth	group
4	auth	user
5	contenttypes	contenttype
6	sessions	session
7	main_app	cars
8	main_app	clients
9	main_app	drivers
10	main_app	medics
11	main_app	calls
12	main_app	clientsgeo
13	main_app	carsposition
14	authtoken	token
15	authtoken	tokenproxy
\.


--
-- Data for Name: django_migrations; Type: TABLE DATA; Schema: public; Owner: postgres
--

COPY public.django_migrations (id, app, name, applied) FROM stdin;
1	contenttypes	0001_initial	2024-02-03 10:53:14.764501+06
2	auth	0001_initial	2024-02-03 10:53:14.874553+06
3	admin	0001_initial	2024-02-03 10:53:14.904302+06
4	admin	0002_logentry_remove_auto_add	2024-02-03 10:53:14.912101+06
5	admin	0003_logentry_add_action_flag_choices	2024-02-03 10:53:14.919077+06
6	contenttypes	0002_remove_content_type_name	2024-02-03 10:53:14.932838+06
7	auth	0002_alter_permission_name_max_length	2024-02-03 10:53:14.939664+06
8	auth	0003_alter_user_email_max_length	2024-02-03 10:53:14.946434+06
9	auth	0004_alter_user_username_opts	2024-02-03 10:53:14.95487+06
10	auth	0005_alter_user_last_login_null	2024-02-03 10:53:14.965396+06
11	auth	0006_require_contenttypes_0002	2024-02-03 10:53:14.968377+06
12	auth	0007_alter_validators_add_error_messages	2024-02-03 10:53:14.976289+06
13	auth	0008_alter_user_username_max_length	2024-02-03 10:53:14.990102+06
14	auth	0009_alter_user_last_name_max_length	2024-02-03 10:53:14.997677+06
15	auth	0010_alter_group_name_max_length	2024-02-03 10:53:15.011384+06
16	auth	0011_update_proxy_permissions	2024-02-03 10:53:15.019071+06
17	auth	0012_alter_user_first_name_max_length	2024-02-03 10:53:15.028404+06
18	main_app	0001_initial	2024-02-03 10:53:15.098742+06
19	sessions	0001_initial	2024-02-03 10:53:15.123365+06
20	main_app	0002_medics_car_id	2024-02-03 10:55:13.625999+06
21	main_app	0003_alter_calls_options_alter_cars_options_and_more	2024-02-03 14:25:47.269845+06
22	main_app	0004_calls_time_arrived	2024-02-03 16:24:32.347816+06
23	main_app	0005_clients_password	2024-02-04 13:58:24.490777+06
24	main_app	0006_clientsgeo	2024-02-04 16:26:22.862549+06
25	main_app	0007_delete_clientsgeo	2024-02-04 16:44:19.354597+06
26	main_app	0008_calls_latitude_calls_longitude	2024-02-04 16:48:07.066475+06
27	main_app	0009_rename_car_id_calls_car	2024-02-04 16:50:32.987431+06
28	main_app	0002_alter_calls_address	2024-02-05 00:22:17.657097+06
29	main_app	0003_carsposition	2024-02-05 15:18:38.652709+06
30	main_app	0004_cars_is_working	2024-02-05 15:29:59.54394+06
31	main_app	0005_carsposition_is_free	2024-02-05 21:43:20.317189+06
32	main_app	0006_alter_carsposition_car	2024-02-05 21:48:49.884243+06
33	main_app	0007_calls_lat_calls_long	2024-02-05 22:36:01.945352+06
34	main_app	0008_alter_calls_car_id	2024-02-05 22:42:02.6465+06
35	main_app	0009_remove_cars_is_working_cars_is_free	2024-02-05 22:46:12.615927+06
36	main_app	0010_remove_cars_is_free_cars_is_working	2024-02-05 22:47:22.041226+06
37	main_app	0011_alter_calls_category_alter_calls_time_accepted_and_more	2024-02-06 01:01:14.111869+06
38	authtoken	0001_initial	2024-02-06 01:59:30.744464+06
39	authtoken	0002_auto_20160226_1747	2024-02-06 01:59:30.761089+06
40	authtoken	0003_tokenproxy	2024-02-06 01:59:30.765148+06
41	main_app	0012_remove_calls_client_id_calls_client_name_and_more	2024-02-06 07:06:09.375381+06
42	main_app	0013_delete_clients_carsposition_call_address_and_more	2024-02-08 12:37:18.692405+06
43	main_app	0014_alter_calls_id	2024-02-08 18:45:33.547885+06
44	main_app	0015_alter_carsposition_id	2024-02-08 19:34:51.194495+06
\.


--
-- Data for Name: django_session; Type: TABLE DATA; Schema: public; Owner: postgres
--

COPY public.django_session (session_key, session_data, expire_date) FROM stdin;
t35ksoafox8stn5ir7p9rmrr7tcz2tqj	.eJxVjEEOwiAQRe_C2hCmBQou3XsGMmVmpGpKUtqV8e7apAvd_vfef6mE21rS1nhJE6mzAnX63UbMD553QHecb1XnOq_LNOpd0Qdt-lqJn5fD_Tso2Mq3jtHYwTlBQsnARGAwRtcbwB6seNN1LmcOg_SjsTECAnfCFLx4H1DU-wPhkDgF:1rWVMb:bnKFBnrc_F6jIRiSvTV57ToS9QgXIbNV4gbjDAmA3yo	2024-02-18 11:48:21.485045+06
p5a258ailsv74b7yj7wdq02n90as34ur	.eJxVjEEOwiAQRe_C2hCmBQou3XsGMmVmpGpKUtqV8e7apAvd_vfef6mE21rS1nhJE6mzAnX63UbMD553QHecb1XnOq_LNOpd0Qdt-lqJn5fD_Tso2Mq3jtHYwTlBQsnARGAwRtcbwB6seNN1LmcOg_SjsTECAnfCFLx4H1DU-wPhkDgF:1rX39M:E7FkYXqf4I0ZaOdCGf7aTHH4mMh_n_qaIbnEUKson70	2024-02-19 23:52:56.051091+06
\.


--
-- Data for Name: main_app_calls; Type: TABLE DATA; Schema: public; Owner: postgres
--

COPY public.main_app_calls (id, address, diagnose, time_created, time_accepted, is_accepted, is_arrived, car_id_id, client_phone, time_arrived, category, lat, long, client_name) FROM stdin;
1	Қазақстан көшесі 64	Some diagnose	2024-02-06 07:57:20.800755+06	2024-02-06 08:16:12.413931+06	f	f	\N	12345678901	\N	1	49.945481	82.626742	Max
\.


--
-- Data for Name: main_app_cars; Type: TABLE DATA; Schema: public; Owner: postgres
--

COPY public.main_app_cars (id, "carNumber", car_driver_id, is_working) FROM stdin;
1	790CAR	1	t
\.


--
-- Data for Name: main_app_carsposition; Type: TABLE DATA; Schema: public; Owner: postgres
--

COPY public.main_app_carsposition (id, lat, long, car_id, is_free, call_address) FROM stdin;
1	49.954798	82.615694	1	t	None
\.


--
-- Data for Name: main_app_drivers; Type: TABLE DATA; Schema: public; Owner: postgres
--

COPY public.main_app_drivers (id, "driverName", "driverSurname") FROM stdin;
1	Санжар	Юсюпов
\.


--
-- Name: auth_group_id_seq; Type: SEQUENCE SET; Schema: public; Owner: postgres
--

SELECT pg_catalog.setval('public.auth_group_id_seq', 1, false);


--
-- Name: auth_group_permissions_id_seq; Type: SEQUENCE SET; Schema: public; Owner: postgres
--

SELECT pg_catalog.setval('public.auth_group_permissions_id_seq', 1, false);


--
-- Name: auth_permission_id_seq; Type: SEQUENCE SET; Schema: public; Owner: postgres
--

SELECT pg_catalog.setval('public.auth_permission_id_seq', 60, true);


--
-- Name: auth_user_groups_id_seq; Type: SEQUENCE SET; Schema: public; Owner: postgres
--

SELECT pg_catalog.setval('public.auth_user_groups_id_seq', 1, false);


--
-- Name: auth_user_id_seq; Type: SEQUENCE SET; Schema: public; Owner: postgres
--

SELECT pg_catalog.setval('public.auth_user_id_seq', 1, true);


--
-- Name: auth_user_user_permissions_id_seq; Type: SEQUENCE SET; Schema: public; Owner: postgres
--

SELECT pg_catalog.setval('public.auth_user_user_permissions_id_seq', 1, false);


--
-- Name: django_admin_log_id_seq; Type: SEQUENCE SET; Schema: public; Owner: postgres
--

SELECT pg_catalog.setval('public.django_admin_log_id_seq', 5, true);


--
-- Name: django_content_type_id_seq; Type: SEQUENCE SET; Schema: public; Owner: postgres
--

SELECT pg_catalog.setval('public.django_content_type_id_seq', 15, true);


--
-- Name: django_migrations_id_seq; Type: SEQUENCE SET; Schema: public; Owner: postgres
--

SELECT pg_catalog.setval('public.django_migrations_id_seq', 44, true);


--
-- Name: main_app_cars_id_seq; Type: SEQUENCE SET; Schema: public; Owner: postgres
--

SELECT pg_catalog.setval('public.main_app_cars_id_seq', 2, false);


--
-- Name: main_app_drivers_id_seq; Type: SEQUENCE SET; Schema: public; Owner: postgres
--

SELECT pg_catalog.setval('public.main_app_drivers_id_seq', 2, false);


--
-- Name: auth_group auth_group_name_key; Type: CONSTRAINT; Schema: public; Owner: postgres
--

ALTER TABLE ONLY public.auth_group
    ADD CONSTRAINT auth_group_name_key UNIQUE (name);


--
-- Name: auth_group_permissions auth_group_permissions_group_id_permission_id_0cd325b0_uniq; Type: CONSTRAINT; Schema: public; Owner: postgres
--

ALTER TABLE ONLY public.auth_group_permissions
    ADD CONSTRAINT auth_group_permissions_group_id_permission_id_0cd325b0_uniq UNIQUE (group_id, permission_id);


--
-- Name: auth_group_permissions auth_group_permissions_pkey; Type: CONSTRAINT; Schema: public; Owner: postgres
--

ALTER TABLE ONLY public.auth_group_permissions
    ADD CONSTRAINT auth_group_permissions_pkey PRIMARY KEY (id);


--
-- Name: auth_group auth_group_pkey; Type: CONSTRAINT; Schema: public; Owner: postgres
--

ALTER TABLE ONLY public.auth_group
    ADD CONSTRAINT auth_group_pkey PRIMARY KEY (id);


--
-- Name: auth_permission auth_permission_content_type_id_codename_01ab375a_uniq; Type: CONSTRAINT; Schema: public; Owner: postgres
--

ALTER TABLE ONLY public.auth_permission
    ADD CONSTRAINT auth_permission_content_type_id_codename_01ab375a_uniq UNIQUE (content_type_id, codename);


--
-- Name: auth_permission auth_permission_pkey; Type: CONSTRAINT; Schema: public; Owner: postgres
--

ALTER TABLE ONLY public.auth_permission
    ADD CONSTRAINT auth_permission_pkey PRIMARY KEY (id);


--
-- Name: auth_user_groups auth_user_groups_pkey; Type: CONSTRAINT; Schema: public; Owner: postgres
--

ALTER TABLE ONLY public.auth_user_groups
    ADD CONSTRAINT auth_user_groups_pkey PRIMARY KEY (id);


--
-- Name: auth_user_groups auth_user_groups_user_id_group_id_94350c0c_uniq; Type: CONSTRAINT; Schema: public; Owner: postgres
--

ALTER TABLE ONLY public.auth_user_groups
    ADD CONSTRAINT auth_user_groups_user_id_group_id_94350c0c_uniq UNIQUE (user_id, group_id);


--
-- Name: auth_user auth_user_pkey; Type: CONSTRAINT; Schema: public; Owner: postgres
--

ALTER TABLE ONLY public.auth_user
    ADD CONSTRAINT auth_user_pkey PRIMARY KEY (id);


--
-- Name: auth_user_user_permissions auth_user_user_permissions_pkey; Type: CONSTRAINT; Schema: public; Owner: postgres
--

ALTER TABLE ONLY public.auth_user_user_permissions
    ADD CONSTRAINT auth_user_user_permissions_pkey PRIMARY KEY (id);


--
-- Name: auth_user_user_permissions auth_user_user_permissions_user_id_permission_id_14a6b632_uniq; Type: CONSTRAINT; Schema: public; Owner: postgres
--

ALTER TABLE ONLY public.auth_user_user_permissions
    ADD CONSTRAINT auth_user_user_permissions_user_id_permission_id_14a6b632_uniq UNIQUE (user_id, permission_id);


--
-- Name: auth_user auth_user_username_key; Type: CONSTRAINT; Schema: public; Owner: postgres
--

ALTER TABLE ONLY public.auth_user
    ADD CONSTRAINT auth_user_username_key UNIQUE (username);


--
-- Name: authtoken_token authtoken_token_pkey; Type: CONSTRAINT; Schema: public; Owner: postgres
--

ALTER TABLE ONLY public.authtoken_token
    ADD CONSTRAINT authtoken_token_pkey PRIMARY KEY (key);


--
-- Name: authtoken_token authtoken_token_user_id_key; Type: CONSTRAINT; Schema: public; Owner: postgres
--

ALTER TABLE ONLY public.authtoken_token
    ADD CONSTRAINT authtoken_token_user_id_key UNIQUE (user_id);


--
-- Name: django_admin_log django_admin_log_pkey; Type: CONSTRAINT; Schema: public; Owner: postgres
--

ALTER TABLE ONLY public.django_admin_log
    ADD CONSTRAINT django_admin_log_pkey PRIMARY KEY (id);


--
-- Name: django_content_type django_content_type_app_label_model_76bd3d3b_uniq; Type: CONSTRAINT; Schema: public; Owner: postgres
--

ALTER TABLE ONLY public.django_content_type
    ADD CONSTRAINT django_content_type_app_label_model_76bd3d3b_uniq UNIQUE (app_label, model);


--
-- Name: django_content_type django_content_type_pkey; Type: CONSTRAINT; Schema: public; Owner: postgres
--

ALTER TABLE ONLY public.django_content_type
    ADD CONSTRAINT django_content_type_pkey PRIMARY KEY (id);


--
-- Name: django_migrations django_migrations_pkey; Type: CONSTRAINT; Schema: public; Owner: postgres
--

ALTER TABLE ONLY public.django_migrations
    ADD CONSTRAINT django_migrations_pkey PRIMARY KEY (id);


--
-- Name: django_session django_session_pkey; Type: CONSTRAINT; Schema: public; Owner: postgres
--

ALTER TABLE ONLY public.django_session
    ADD CONSTRAINT django_session_pkey PRIMARY KEY (session_key);


--
-- Name: main_app_calls main_app_calls_pkey; Type: CONSTRAINT; Schema: public; Owner: postgres
--

ALTER TABLE ONLY public.main_app_calls
    ADD CONSTRAINT main_app_calls_pkey PRIMARY KEY (id);


--
-- Name: main_app_cars main_app_cars_pkey; Type: CONSTRAINT; Schema: public; Owner: postgres
--

ALTER TABLE ONLY public.main_app_cars
    ADD CONSTRAINT main_app_cars_pkey PRIMARY KEY (id);


--
-- Name: main_app_carsposition main_app_carsposition_car_id_02b1fbb1_uniq; Type: CONSTRAINT; Schema: public; Owner: postgres
--

ALTER TABLE ONLY public.main_app_carsposition
    ADD CONSTRAINT main_app_carsposition_car_id_02b1fbb1_uniq UNIQUE (car_id);


--
-- Name: main_app_carsposition main_app_carsposition_pkey; Type: CONSTRAINT; Schema: public; Owner: postgres
--

ALTER TABLE ONLY public.main_app_carsposition
    ADD CONSTRAINT main_app_carsposition_pkey PRIMARY KEY (id);


--
-- Name: main_app_drivers main_app_drivers_pkey; Type: CONSTRAINT; Schema: public; Owner: postgres
--

ALTER TABLE ONLY public.main_app_drivers
    ADD CONSTRAINT main_app_drivers_pkey PRIMARY KEY (id);


--
-- Name: auth_group_name_a6ea08ec_like; Type: INDEX; Schema: public; Owner: postgres
--

CREATE INDEX auth_group_name_a6ea08ec_like ON public.auth_group USING btree (name varchar_pattern_ops);


--
-- Name: auth_group_permissions_group_id_b120cbf9; Type: INDEX; Schema: public; Owner: postgres
--

CREATE INDEX auth_group_permissions_group_id_b120cbf9 ON public.auth_group_permissions USING btree (group_id);


--
-- Name: auth_group_permissions_permission_id_84c5c92e; Type: INDEX; Schema: public; Owner: postgres
--

CREATE INDEX auth_group_permissions_permission_id_84c5c92e ON public.auth_group_permissions USING btree (permission_id);


--
-- Name: auth_permission_content_type_id_2f476e4b; Type: INDEX; Schema: public; Owner: postgres
--

CREATE INDEX auth_permission_content_type_id_2f476e4b ON public.auth_permission USING btree (content_type_id);


--
-- Name: auth_user_groups_group_id_97559544; Type: INDEX; Schema: public; Owner: postgres
--

CREATE INDEX auth_user_groups_group_id_97559544 ON public.auth_user_groups USING btree (group_id);


--
-- Name: auth_user_groups_user_id_6a12ed8b; Type: INDEX; Schema: public; Owner: postgres
--

CREATE INDEX auth_user_groups_user_id_6a12ed8b ON public.auth_user_groups USING btree (user_id);


--
-- Name: auth_user_user_permissions_permission_id_1fbb5f2c; Type: INDEX; Schema: public; Owner: postgres
--

CREATE INDEX auth_user_user_permissions_permission_id_1fbb5f2c ON public.auth_user_user_permissions USING btree (permission_id);


--
-- Name: auth_user_user_permissions_user_id_a95ead1b; Type: INDEX; Schema: public; Owner: postgres
--

CREATE INDEX auth_user_user_permissions_user_id_a95ead1b ON public.auth_user_user_permissions USING btree (user_id);


--
-- Name: auth_user_username_6821ab7c_like; Type: INDEX; Schema: public; Owner: postgres
--

CREATE INDEX auth_user_username_6821ab7c_like ON public.auth_user USING btree (username varchar_pattern_ops);


--
-- Name: authtoken_token_key_10f0b77e_like; Type: INDEX; Schema: public; Owner: postgres
--

CREATE INDEX authtoken_token_key_10f0b77e_like ON public.authtoken_token USING btree (key varchar_pattern_ops);


--
-- Name: django_admin_log_content_type_id_c4bce8eb; Type: INDEX; Schema: public; Owner: postgres
--

CREATE INDEX django_admin_log_content_type_id_c4bce8eb ON public.django_admin_log USING btree (content_type_id);


--
-- Name: django_admin_log_user_id_c564eba6; Type: INDEX; Schema: public; Owner: postgres
--

CREATE INDEX django_admin_log_user_id_c564eba6 ON public.django_admin_log USING btree (user_id);


--
-- Name: django_session_expire_date_a5c62663; Type: INDEX; Schema: public; Owner: postgres
--

CREATE INDEX django_session_expire_date_a5c62663 ON public.django_session USING btree (expire_date);


--
-- Name: django_session_session_key_c0390e0f_like; Type: INDEX; Schema: public; Owner: postgres
--

CREATE INDEX django_session_session_key_c0390e0f_like ON public.django_session USING btree (session_key varchar_pattern_ops);


--
-- Name: main_app_calls_car_id_id_e931a3bb; Type: INDEX; Schema: public; Owner: postgres
--

CREATE INDEX main_app_calls_car_id_id_e931a3bb ON public.main_app_calls USING btree (car_id_id);


--
-- Name: main_app_cars_car_driver_id_feef9c3d; Type: INDEX; Schema: public; Owner: postgres
--

CREATE INDEX main_app_cars_car_driver_id_feef9c3d ON public.main_app_cars USING btree (car_driver_id);


--
-- Name: auth_group_permissions auth_group_permissio_permission_id_84c5c92e_fk_auth_perm; Type: FK CONSTRAINT; Schema: public; Owner: postgres
--

ALTER TABLE ONLY public.auth_group_permissions
    ADD CONSTRAINT auth_group_permissio_permission_id_84c5c92e_fk_auth_perm FOREIGN KEY (permission_id) REFERENCES public.auth_permission(id) DEFERRABLE INITIALLY DEFERRED;


--
-- Name: auth_group_permissions auth_group_permissions_group_id_b120cbf9_fk_auth_group_id; Type: FK CONSTRAINT; Schema: public; Owner: postgres
--

ALTER TABLE ONLY public.auth_group_permissions
    ADD CONSTRAINT auth_group_permissions_group_id_b120cbf9_fk_auth_group_id FOREIGN KEY (group_id) REFERENCES public.auth_group(id) DEFERRABLE INITIALLY DEFERRED;


--
-- Name: auth_permission auth_permission_content_type_id_2f476e4b_fk_django_co; Type: FK CONSTRAINT; Schema: public; Owner: postgres
--

ALTER TABLE ONLY public.auth_permission
    ADD CONSTRAINT auth_permission_content_type_id_2f476e4b_fk_django_co FOREIGN KEY (content_type_id) REFERENCES public.django_content_type(id) DEFERRABLE INITIALLY DEFERRED;


--
-- Name: auth_user_groups auth_user_groups_group_id_97559544_fk_auth_group_id; Type: FK CONSTRAINT; Schema: public; Owner: postgres
--

ALTER TABLE ONLY public.auth_user_groups
    ADD CONSTRAINT auth_user_groups_group_id_97559544_fk_auth_group_id FOREIGN KEY (group_id) REFERENCES public.auth_group(id) DEFERRABLE INITIALLY DEFERRED;


--
-- Name: auth_user_groups auth_user_groups_user_id_6a12ed8b_fk_auth_user_id; Type: FK CONSTRAINT; Schema: public; Owner: postgres
--

ALTER TABLE ONLY public.auth_user_groups
    ADD CONSTRAINT auth_user_groups_user_id_6a12ed8b_fk_auth_user_id FOREIGN KEY (user_id) REFERENCES public.auth_user(id) DEFERRABLE INITIALLY DEFERRED;


--
-- Name: auth_user_user_permissions auth_user_user_permi_permission_id_1fbb5f2c_fk_auth_perm; Type: FK CONSTRAINT; Schema: public; Owner: postgres
--

ALTER TABLE ONLY public.auth_user_user_permissions
    ADD CONSTRAINT auth_user_user_permi_permission_id_1fbb5f2c_fk_auth_perm FOREIGN KEY (permission_id) REFERENCES public.auth_permission(id) DEFERRABLE INITIALLY DEFERRED;


--
-- Name: auth_user_user_permissions auth_user_user_permissions_user_id_a95ead1b_fk_auth_user_id; Type: FK CONSTRAINT; Schema: public; Owner: postgres
--

ALTER TABLE ONLY public.auth_user_user_permissions
    ADD CONSTRAINT auth_user_user_permissions_user_id_a95ead1b_fk_auth_user_id FOREIGN KEY (user_id) REFERENCES public.auth_user(id) DEFERRABLE INITIALLY DEFERRED;


--
-- Name: authtoken_token authtoken_token_user_id_35299eff_fk_auth_user_id; Type: FK CONSTRAINT; Schema: public; Owner: postgres
--

ALTER TABLE ONLY public.authtoken_token
    ADD CONSTRAINT authtoken_token_user_id_35299eff_fk_auth_user_id FOREIGN KEY (user_id) REFERENCES public.auth_user(id) DEFERRABLE INITIALLY DEFERRED;


--
-- Name: django_admin_log django_admin_log_content_type_id_c4bce8eb_fk_django_co; Type: FK CONSTRAINT; Schema: public; Owner: postgres
--

ALTER TABLE ONLY public.django_admin_log
    ADD CONSTRAINT django_admin_log_content_type_id_c4bce8eb_fk_django_co FOREIGN KEY (content_type_id) REFERENCES public.django_content_type(id) DEFERRABLE INITIALLY DEFERRED;


--
-- Name: django_admin_log django_admin_log_user_id_c564eba6_fk_auth_user_id; Type: FK CONSTRAINT; Schema: public; Owner: postgres
--

ALTER TABLE ONLY public.django_admin_log
    ADD CONSTRAINT django_admin_log_user_id_c564eba6_fk_auth_user_id FOREIGN KEY (user_id) REFERENCES public.auth_user(id) DEFERRABLE INITIALLY DEFERRED;


--
-- Name: main_app_calls main_app_calls_car_id_id_e931a3bb_fk_main_app_cars_id; Type: FK CONSTRAINT; Schema: public; Owner: postgres
--

ALTER TABLE ONLY public.main_app_calls
    ADD CONSTRAINT main_app_calls_car_id_id_e931a3bb_fk_main_app_cars_id FOREIGN KEY (car_id_id) REFERENCES public.main_app_cars(id) DEFERRABLE INITIALLY DEFERRED;


--
-- Name: main_app_cars main_app_cars_car_driver_id_feef9c3d_fk_main_app_drivers_id; Type: FK CONSTRAINT; Schema: public; Owner: postgres
--

ALTER TABLE ONLY public.main_app_cars
    ADD CONSTRAINT main_app_cars_car_driver_id_feef9c3d_fk_main_app_drivers_id FOREIGN KEY (car_driver_id) REFERENCES public.main_app_drivers(id) DEFERRABLE INITIALLY DEFERRED;


--
-- Name: main_app_carsposition main_app_carsposition_car_id_02b1fbb1_fk_main_app_cars_id; Type: FK CONSTRAINT; Schema: public; Owner: postgres
--

ALTER TABLE ONLY public.main_app_carsposition
    ADD CONSTRAINT main_app_carsposition_car_id_02b1fbb1_fk_main_app_cars_id FOREIGN KEY (car_id) REFERENCES public.main_app_cars(id) DEFERRABLE INITIALLY DEFERRED;


--
-- PostgreSQL database dump complete
--

